"","to","from","from_gdp","to_gdp","domestic","km","value","from_pop","to_pop"
"1","AB","KY",292818.69972,339674.4,0,2729.11735380816,161176381,4505836,4262635
"2","AB","HI",123720.42138,339674.4,0,5073.09077413273,3883924,1455271,4262635
"3","AB","CA",4071764.74893,339674.4,0,1890.46368636137,1868480315,39538223,4262635
"4","AB","FL",1504330.4142,339674.4,0,3797.32123078687,189987917,21538187,4262635
"5","AB","ME",92496.47403,339674.4,0,3337.18126557515,6277472,1362359,4262635
"6","AB","NB",34495.1,339674.4,1,3496.81257728155,256565000,775610,4262635
"7","AB","ON",833628.8,339674.4,1,2689.40295819105,7898893000,14223942,4262635
"8","AB","MD",556490.71404,339674.4,0,3183.93749333516,27558495,6177224,4262635
"9","AB","DC",192495.24066,339674.4,0,3185.72997149671,43349,689545,4262635
"10","AB","ID",112029.37086,339674.4,0,874.643174238529,420850946,1839106,4262635
"11","AB","VA",745322.11842,339674.4,0,3212.10872357682,84357643,8631393,4262635
"12","AB","NH",116592.31458,339674.4,0,3286.81168255077,10397499,1377529,4262635
"13","AB","NY",2371795.13721,339674.4,0,3176.47873705203,241166388,20201249,4262635
"14","AB","IN",510642.47103,339674.4,0,2491.3713474123,239695296,6785528,4262635
"15","AB","SK",79001.8,339674.4,1,555.598183289719,4318354000,1132505,4262635
"16","AB","NL",33159.5,339674.4,1,4182.43748318335,125124000,510550,4262635
"17","AB","SD",73212.76902,339674.4,0,1428.39000518203,76090608,886667,4262635
"18","AB","ND",80798.25825,339674.4,0,1164.92080917977,2761965752,779094,4262635
"19","AB","MT",69948.32964,339674.4,0,616.754764893106,299541085,1084225,4262635
"20","AB","NE",176276.27658,339674.4,0,1752.48594806291,72286281,1961504,4262635
"21","AB","TX",2474499.05487,339674.4,0,2714.85321962766,2396141278,29145505,4262635
"22","AB","VT",46123.44207,339674.4,0,3137.201834644,3183407,643077,4262635
"23","AB","OH",932697.64812,339674.4,0,2694.41920627154,418147816,11799448,4262635
"25","AB","WA",807608.92746,339674.4,0,761.137643790983,943892777,7705281,4262635
"26","AB","NM",137760.0849,339674.4,0,2032.5296483806,21916108,2117522,4262635
"27","AB","GA",858100.65702,339674.4,0,3175.47236778893,287457362,10711908,4262635
"28","AB","DE",104440.96245,339674.4,0,3254.48882563593,6054627,989948,4262635
"29","AB","MA",780309.41955,339674.4,0,3347.32183187839,68323229,7029917,4262635
"30","AB","KS",233625.69072,339674.4,0,2029.92663985736,178389119,2937880,4262635
"31","AB","OK",273331.71363,339674.4,0,2274.22520939804,358327333,3959353,4262635
"32","AB","NV",244960.46859,339674.4,0,1680.63102301899,226369301,3104614,4262635
"33","AB","MB",69243.2,339674.4,1,1117.92617425185,1864174000,1342153,4262635
"34","AB","NS",42703.5,339674.4,1,3719.22815723741,226829000,969383,4262635
"35","AB","WI",460310.36754,339674.4,0,2063.33115238762,352558465,5893718,4262635
"36","AB","PE",6778.2,339674.4,1,3657.37214516284,25614000,154331,4262635
"37","AB","MI",716840.87337,339674.4,0,2437.47801654641,76153366,10077331,4262635
"38","AB","AR",175981.17402,339674.4,0,2518.82436393334,71515405,3011524,4262635
"39","AB","MN",510657.73038,339674.4,0,1674.881907485,492330954,5706494,4262635
"40","AB","WV",106473.64056,339674.4,0,2949.57401385499,23853702,1793716,4262635
"41","AB","NJ",853618.25613,339674.4,0,3255.41094511012,142302326,9288994,4262635
"42","AB","OR",330108.57042,339674.4,0,1030.23617189515,80616861,4237256,4262635
"43","AB","QC",425276.7,339674.4,1,3034.65423186519,4366216000,8501833,4262635
"44","AB","AL",311553.73158,339674.4,0,3041.8521686174,194159133,5024279,4262635
"45","AB","UT",267121.15818,339674.4,0,1305.35087957919,303813213,3271616,4262635
"46","AB","CO",527898.67284,339674.4,0,1545.84858236388,279907413,5773714,4262635
"47","AB","TN",511961.8077,339674.4,0,2826.2482982859,189077266,6910840,4262635
"48","AB","MO",444180.04038,339674.4,0,2261.80735363693,108203023,6154913,4262635
"49","AB","IA",260420.71125,339674.4,0,1933.9430726769,211567209,3190369,4262635
"50","AB","WY",53115.14355,339674.4,0,1163.10401804951,93653665,576851,4262635
"51","AB","NC",786121.37424,339674.4,0,3263.37039378446,178133573,10439388,4262635
"52","AB","RI",83348.82543,339674.4,0,3372.85148239336,4549309,1097379,4262635
"53","AB","LA",341675.4231,339674.4,0,3001.53992745563,363181770,4657757,4262635
"55","AB","IL",1188374.02842,339674.4,0,2270.97612056149,2552833974,12812508,4262635
"56","AB","AK",72381.86424,339674.4,0,2341.8854235246,3421222,733391,4262635
"57","AB","PA",1064483.10039,339674.4,0,3083.06810315011,287563519,13002700,4262635
"58","AB","CT",380093.02611,339674.4,0,3291.91309754881,61937610,3605944,4262635
"60","AB","MS",154100.46033,339674.4,0,2925.1046652511,57043789,2961279,4262635
"61","AB","SC",331161.99633,339674.4,0,3301.59886387269,169911698,5118425,4262635
"62","AB","AZ",498087.34323,339674.4,0,2083.85584405501,224373178,7151502,4262635
"63","AB","BC",286182.1,339674.4,1,523.684887902884,6049051000,5000879,4262635
"64","BC","LA",341675.4231,286182.1,0,3255.67715875165,335419058,4657757,5000879
"65","BC","IA",260420.71125,286182.1,0,2312.75825828097,147353682,3190369,5000879
"66","BC","NV",244960.46859,286182.1,0,1503.8589611531,204408333,3104614,5000879
"67","BC","MA",780309.41955,286182.1,0,3833.83716211437,130327298,7029917,5000879
"68","BC","DC",192495.24066,286182.1,0,3631.13654515432,286132,689545,5000879
"69","BC","ME",92496.47403,286182.1,0,3836.93311761221,20210484,1362359,5000879
"70","BC","MS",154100.46033,286182.1,0,3219.77325502572,55017440,2961279,5000879
"72","BC","OH",932697.64812,286182.1,0,3124.80122475555,456222099,11799448,5000879
"73","BC","KS",233625.69072,286182.1,0,2317.49758590314,141496564,2937880,5000879
"74","BC","MB",69243.2,286182.1,1,1602.0580470881,1055012000,1342153,5000879
"75","BC","SC",331161.99633,286182.1,0,3684.53797960342,112152436,5118425,5000879
"76","BC","ID",112029.37086,286182.1,0,778.828902656631,238781484,1839106,5000879
"77","BC","NS",42703.5,286182.1,1,4231.43518049969,246261000,969383,5000879
"78","BC","AZ",498087.34323,286182.1,0,2001.54731144537,202778296,7151502,5000879
"79","BC","MT",69948.32964,286182.1,0,791.736102279041,72778293,1084225,5000879
"80","BC","AB",339674.4,286182.1,1,523.684887902884,9883177000,4262635,5000879
"81","BC","AR",175981.17402,286182.1,0,2807.67571643109,64186287,3011524,5000879
"82","BC","CO",527898.67284,286182.1,0,1697.65056312613,204675055,5773714,5000879
"83","BC","CA",4071764.74893,286182.1,0,1631.79459357418,3415977985,39538223,5000879
"84","BC","OK",273331.71363,286182.1,0,2514.34466758577,95737257,3959353,5000879
"85","BC","MO",444180.04038,286182.1,0,2597.61720372577,133142108,6154913,5000879
"86","BC","SK",79001.8,286182.1,1,1049.22169437514,1476902000,1132505,5000879
"87","BC","ND",80798.25825,286182.1,0,1591.47630088787,152863737,779094,5000879
"88","BC","IN",510642.47103,286182.1,0,2898.2769691669,420331331,6785528,5000879
"89","BC","SD",73212.76902,286182.1,0,1784.81078426828,53888842,886667,5000879
"90","BC","MN",510657.73038,286182.1,0,2100.99184166287,359110317,5706494,5000879
"92","BC","QC",425276.7,286182.1,1,3539.08921532438,3781905000,8501833,5000879
"93","BC","NL",33159.5,286182.1,1,4705.59773522704,72451000,510550,5000879
"94","BC","GA",858100.65702,286182.1,0,3531.24065403769,414761039,10711908,5000879
"95","BC","NH",116592.31458,286182.1,0,3777.70802980421,27285882,1377529,5000879
"96","BC","CT",380093.02611,286182.1,0,3769.8674793335,175917876,3605944,5000879
"97","BC","TN",511961.8077,286182.1,0,3185.63504728533,226769408,6910840,5000879
"98","BC","NC",786121.37424,286182.1,0,3667.79344467956,308315933,10439388,5000879
"99","BC","VT",46123.44207,286182.1,0,3630.07661257998,7991323,643077,5000879
"100","BC","AL",311553.73158,286182.1,0,3369.01071330184,166748728,5024279,5000879
"101","BC","NB",34495.1,286182.1,1,4009.25211994731,148088000,775610,5000879
"102","BC","NY",2371795.13721,286182.1,0,3649.08578871025,461404817,20201249,5000879
"103","BC","AK",72381.86424,286182.1,0,2139.54916478427,750110709,733391,5000879
"104","BC","WA",807608.92746,286182.1,0,315.961508806748,5267357564,7705281,5000879
"105","BC","KY",292818.69972,286182.1,0,3117.95653164625,115282140,4505836,5000879
"106","BC","TX",2474499.05487,286182.1,0,2892.92763251023,828714659,29145505,5000879
"107","BC","MI",716840.87337,286182.1,0,2884.61297600094,219933033,10077331,5000879
"108","BC","FL",1504330.4142,286182.1,0,4124.71169390853,242549351,21538187,5000879
"109","BC","WV",106473.64056,286182.1,0,3376.45781539206,11065907,1793716,5000879
"110","BC","HI",123720.42138,286182.1,0,4551.15749775255,14063567,1455271,5000879
"111","BC","NM",137760.0849,286182.1,0,2087.77849885179,11167870,2117522,5000879
"112","BC","PE",6778.2,286182.1,1,4172.85156403482,32161000,154331,5000879
"113","BC","WI",460310.36754,286182.1,0,2495.72117984434,532233110,5893718,5000879
"114","BC","IL",1188374.02842,286182.1,0,2677.3364214108,1099730467,12812508,5000879
"115","BC","DE",104440.96245,286182.1,0,3709.16766062975,4650386,989948,5000879
"116","BC","ON",833628.8,286182.1,1,3159.38091093243,6889809000,14223942,5000879
"117","BC","NJ",853618.25613,286182.1,0,3721.82081045985,155562875,9288994,5000879
"119","BC","WY",53115.14355,286182.1,0,1339.62839102629,22088433,576851,5000879
"120","BC","OR",330108.57042,286182.1,0,611.739262894345,1743610816,4237256,5000879
"121","BC","NE",176276.27658,286182.1,0,2074.20488701213,89646571,1961504,5000879
"122","BC","VA",745322.11842,286182.1,0,3645.84079061723,137181396,8631393,5000879
"123","BC","PA",1064483.10039,286182.1,0,3540.14047594702,344528595,13002700,5000879
"124","BC","RI",83348.82543,286182.1,0,3856.2891783871,14615939,1097379,5000879
"125","BC","MD",556490.71404,286182.1,0,3631.97022196273,48065931,6177224,5000879
"126","BC","UT",267121.15818,286182.1,0,1283.34510939405,185796682,3271616,5000879
"127","MB","NM",137760.0849,69243.2,0,1831.39357463576,9874234,2117522,1342153
"128","MB","MD",556490.71404,69243.2,0,2076.12217825726,41668847,6177224,1342153
"129","MB","ON",833628.8,69243.2,1,1572.00858963971,2524313000,14223942,1342153
"130","MB","AB",339674.4,69243.2,1,1117.92617425185,2902256000,4262635,1342153
"131","MB","IA",260420.71125,69243.2,0,982.020030989189,850182016,3190369,1342153
"132","MB","NC",786121.37424,69243.2,0,2200.92332702606,460328014,10439388,1342153
"133","MB","FL",1504330.4142,69243.2,0,2840.66218759629,397544611,21538187,1342153
"134","MB","VT",46123.44207,69243.2,0,2028.02592633253,4383903,643077,1342153
"135","MB","NJ",853618.25613,69243.2,0,2138.35954560831,259453843,9288994,1342153
"136","MB","AZ",498087.34323,69243.2,0,2158.45384361213,78938281,7151502,1342153
"137","MB","MO",444180.04038,69243.2,0,1371.34058629073,466806116,6154913,1342153
"138","MB","GA",858100.65702,69243.2,0,2189.70172257104,507953816,10711908,1342153
"139","MB","WA",807608.92746,69243.2,0,1734.13120011634,173755518,7705281,1342153
"140","MB","PE",6778.2,69243.2,1,2600.85309960923,13101000,154331,1342153
"141","MB","QC",425276.7,69243.2,1,1944.05854638829,1591886000,8501833,1342153
"142","MB","VA",745322.11842,69243.2,0,2116.26756217355,145334662,8631393,1342153
"143","MB","IN",510642.47103,69243.2,0,1443.24836846437,960097924,6785528,1342153
"144","MB","KY",292818.69972,69243.2,0,1702.68083826422,1055207662,4505836,1342153
"145","MB","OK",273331.71363,69243.2,0,1603.35140936862,157360253,3959353,1342153
"146","MB","ID",112029.37086,69243.2,0,1429.59180666483,62763274,1839106,1342153
"147","MB","MT",69948.32964,69243.2,0,1025.87928980951,16624941,1084225,1342153
"148","MB","SD",73212.76902,69243.2,0,668.007257711216,168139554,886667,1342153
"149","MB","NY",2371795.13721,69243.2,0,2058.57352610436,339577467,20201249,1342153
"150","MB","WI",460310.36754,69243.2,0,989.069124875143,1346300327,5893718,1342153
"151","MB","OR",330108.57042,69243.2,0,1911.96260318194,46632867,4237256,1342153
"152","MB","CA",4071764.74893,69243.2,0,2343.24871655663,280236011,39538223,1342153
"153","MB","SC",331161.99633,69243.2,0,2268.7824729184,362765721,5118425,1342153
"154","MB","BC",286182.1,69243.2,1,1602.0580470881,591918000,5000879,1342153
"155","MB","IL",1188374.02842,69243.2,0,1232.85165524869,1988782474,12812508,1342153
"156","MB","WY",53115.14355,69243.2,0,1048.59347735154,6268897,576851,1342153
"157","MB","MN",510657.73038,69243.2,0,639.821895549065,1540699971,5706494,1342153
"158","MB","TN",511961.8077,69243.2,0,1847.64323330428,345581458,6910840,1342153
"159","MB","CT",380093.02611,69243.2,0,2174.38939811572,51430726,3605944,1342153
"160","MB","AR",175981.17402,69243.2,0,1705.67114439073,170395774,3011524,1342153
"161","MB","OH",932697.64812,69243.2,0,1607.82229838535,807686093,11799448,1342153
"162","MB","NL",33159.5,69243.2,1,3192.21896496021,42816000,510550,1342153
"164","MB","TX",2474499.05487,69243.2,0,2123.54438606048,1072123420,29145505,1342153
"165","MB","KS",233625.69072,69243.2,0,1287.85547734476,166545464,2937880,1342153
"166","MB","HI",123720.42138,69243.2,0,6048.08306761163,632114,1455271,1342153
"167","MB","NE",176276.27658,69243.2,0,983.58702010735,295861428,1961504,1342153
"168","MB","MA",780309.41955,69243.2,0,2233.07864573542,91120555,7029917,1342153
"169","MB","PA",1064483.10039,69243.2,0,1969.92581513873,586252408,13002700,1342153
"170","MB","MS",154100.46033,69243.2,0,2066.23495692926,92752369,2961279,1342153
"171","MB","UT",267121.15818,69243.2,0,1507.74623421278,38683059,3271616,1342153
"172","MB","DE",104440.96245,69243.2,0,2142.19063786205,8863705,989948,1342153
"173","MB","ND",80798.25825,69243.2,0,305.033557750326,742638316,779094,1342153
"174","MB","RI",83348.82543,69243.2,0,2257.03093253509,5131561,1097379,1342153
"175","MB","AL",311553.73158,69243.2,0,2112.90642222817,114752078,5024279,1342153
"176","MB","WV",106473.64056,69243.2,0,1863.60416914962,67600740,1793716,1342153
"177","MB","DC",192495.24066,69243.2,0,2079.85971905678,951220,689545,1342153
"178","MB","MI",716840.87337,69243.2,0,1335.63826288288,317184349,10077331,1342153
"179","MB","ME",92496.47403,69243.2,0,2236.91782771693,10778788,1362359,1342153
"180","MB","NS",42703.5,69243.2,1,2648.62790407381,167562000,969383,1342153
"181","MB","NB",34495.1,69243.2,1,2428.09095885726,117202000,775610,1342153
"182","MB","NV",244960.46859,69243.2,0,2030.81980706736,34544827,3104614,1342153
"183","MB","LA",341675.4231,69243.2,0,2220.1130858606,222230674,4657757,1342153
"184","MB","SK",79001.8,69243.2,1,562.329058415079,2095962000,1132505,1342153
"185","MB","AK",72381.86424,69243.2,0,3321.58593571231,525719,733391,1342153
"186","MB","CO",527898.67284,69243.2,0,1281.95010003141,117277622,5773714,1342153
"188","MB","NH",116592.31458,69243.2,0,2175.76119946141,25996255,1377529,1342153
"190","NB","DE",104440.96245,34495.1,0,1095.80158606549,92432246,989948,775610
"191","NB","OK",273331.71363,34495.1,0,2836.13654466978,10778616,3959353,775610
"192","NB","AK",72381.86424,34495.1,0,5306.92820710118,964448,733391,775610
"193","NB","NL",33159.5,34495.1,1,927.67809102111,219764000,510550,775610
"194","NB","SD",73212.76902,34495.1,0,2589.90957217432,2098747,886667,775610
"195","NB","CA",4071764.74893,34495.1,0,4566.45709799154,46010251,39538223,775610
"196","NB","AZ",498087.34323,34495.1,0,4119.8725271016,3658610,7151502,775610
"197","NB","WI",460310.36754,34495.1,0,1837.63661184394,34874242,5893718,775610
"198","NB","VA",745322.11842,34495.1,0,1348.10750794563,91824726,8631393,775610
"199","NB","MO",444180.04038,34495.1,0,2321.20257006383,52991618,6154913,775610
"200","NB","IL",1188374.02842,34495.1,0,1880.90956448233,66812738,12812508,775610
"201","NB","ON",833628.8,34495.1,1,1141.99122194712,1289260000,14223942,775610
"202","NB","SK",79001.8,34495.1,1,2961.67471529546,61828000,1132505,775610
"203","NB","LA",341675.4231,34495.1,0,2798.02524754622,325592721,4657757,775610
"204","NB","KS",233625.69072,34495.1,0,2635.32810431724,21847381,2937880,775610
"205","NB","NM",137760.0849,34495.1,0,3617.27845710208,257992,2117522,775610
"206","NB","MI",716840.87337,34495.1,0,1497.36969489498,15267754,10077331,775610
"207","NB","PA",1064483.10039,34495.1,0,1099.76479713535,161630366,13002700,775610
"208","NB","WA",807608.92746,34495.1,0,4161.73606395621,19382518,7705281,775610
"209","NB","TN",511961.8077,34495.1,0,2059.35644087441,67855756,6910840,775610
"210","NB","PE",6778.2,34495.1,1,195.475574565766,290289000,154331,775610
"211","NB","AR",175981.17402,34495.1,0,2555.81708655259,9369800,3011524,775610
"212","NB","MN",510657.73038,34495.1,0,2144.62019342057,36173736,5706494,775610
"213","NB","AB",339674.4,34495.1,1,3496.81257728155,471840000,4262635,775610
"214","NB","VT",46123.44207,34495.1,0,591.807304794026,5382952,643077,775610
"215","NB","NS",42703.5,34495.1,1,222.459839234241,488981000,969383,775610
"216","NB","UT",267121.15818,34495.1,0,3734.95750817975,3615804,3271616,775610
"217","NB","KY",292818.69972,34495.1,0,1845.15811818618,26941087,4505836,775610
"218","NB","NY",2371795.13721,34495.1,0,872.849113507989,82743442,20201249,775610
"219","NB","ID",112029.37086,34495.1,0,3814.1499143622,5271137,1839106,775610
"220","NB","IN",510642.47103,34495.1,0,1778.86841814194,52258398,6785528,775610
"221","NB","IA",260420.71125,34495.1,0,2211.76159341243,29608786,3190369,775610
"222","NB","CO",527898.67284,34495.1,0,3256.4038473864,9591551,5773714,775610
"223","NB","FL",1504330.4142,34495.1,0,2465.12561876733,56231145,21538187,775610
"226","NB","NH",116592.31458,34495.1,0,554.932328220434,48083513,1377529,775610
"227","NB","CT",380093.02611,34495.1,0,765.777938222702,39620257,3605944,775610
"228","NB","OH",932697.64812,34495.1,0,1507.78751811313,83902382,11799448,775610
"229","NB","TX",2474499.05487,34495.1,0,3190.84206803092,2852982548,29145505,775610
"230","NB","MT",69948.32964,34495.1,0,3435.40580974996,401525,1084225,775610
"231","NB","ND",80798.25825,34495.1,0,2543.38584005973,3279367,779094,775610
"232","NB","MB",69243.2,34495.1,1,2428.09095885726,113055000,1342153,775610
"233","NB","AL",311553.73158,34495.1,0,2300.73972146829,13728661,5024279,775610
"234","NB","MA",780309.41955,34495.1,0,615.208550316574,138507019,7029917,775610
"235","NB","GA",858100.65702,34495.1,0,2086.48165005015,105498444,10711908,775610
"236","NB","NC",786121.37424,34495.1,0,1653.79601602049,126406234,10439388,775610
"237","NB","BC",286182.1,34495.1,1,4009.25211994731,137589000,5000879,775610
"238","NB","DC",192495.24066,34495.1,0,1217.55028149551,301,689545,775610
"239","NB","NV",244960.46859,34495.1,0,4234.82496115796,3974736,3104614,775610
"240","NB","NE",176276.27658,34495.1,0,2566.73157341141,2689870,1961504,775610
"241","NB","ME",92496.47403,34495.1,0,371.118757268049,995770496,1362359,775610
"242","NB","HI",123720.42138,34495.1,0,8461.44622756033,4349,1455271,775610
"244","NB","NJ",853618.25613,34495.1,0,940.600005264274,77206461,9288994,775610
"245","NB","WV",106473.64056,34495.1,0,1460.27254020212,12526935,1793716,775610
"246","NB","OR",330108.57042,34495.1,0,4334.33243080749,33120357,4237256,775610
"247","NB","WY",53115.14355,34495.1,0,3253.48057488323,846485,576851,775610
"248","NB","MS",154100.46033,34495.1,0,2522.43419389307,6929907,2961279,775610
"249","NB","QC",425276.7,34495.1,1,513.126608682657,1732689000,8501833,775610
"250","NB","MD",556490.71404,34495.1,0,1186.77396431827,17387883,6177224,775610
"251","NB","RI",83348.82543,34495.1,0,663.722241743816,6242190,1097379,775610
"252","NB","SC",331161.99633,34495.1,0,1860.8877873056,256051355,5118425,775610
"253","NL","NM",137760.0849,33159.5,0,4528.7761837272,9700,2117522,510550
"254","NL","UT",267121.15818,33159.5,0,4589.90028049689,655,3271616,510550
"255","NL","MB",69243.2,33159.5,1,3192.21896496021,57910000,1342153,510550
"256","NL","PA",1064483.10039,33159.5,0,2013.62916068482,24183188,13002700,510550
"257","NL","WV",106473.64056,33159.5,0,2377.97142739917,639655,1793716,510550
"258","NL","FL",1504330.4142,33159.5,0,3284.70061908723,95354,21538187,510550
"259","NL","NB",34495.1,33159.5,1,927.67809102111,390466000,775610,510550
"260","NL","DC",192495.24066,33159.5,0,2114.42741929101,847,689545,510550
"261","NL","ME",92496.47403,33159.5,0,1289.28154914895,2055905,1362359,510550
"262","NL","NE",176276.27658,33159.5,0,3464.18563450041,315,1961504,510550
"263","NL","MA",780309.41955,33159.5,0,1508.21958870345,21720,7029917,510550
"265","NL","WY",53115.14355,33159.5,0,4103.66845615838,2563,576851,510550
"266","NL","VA",745322.11842,33159.5,0,2238.33247958261,33606,8631393,510550
"267","NL","IA",260420.71125,33159.5,0,3114.81427022237,3276,3190369,510550
"268","NL","AB",339674.4,33159.5,1,4182.43748318335,146412000,4262635,510550
"269","NL","NV",244960.46859,33159.5,0,5101.55878782947,3096,3104614,510550
"270","NL","AZ",498087.34323,33159.5,0,5022.53988232639,7346,7151502,510550
"271","NL","PE",6778.2,33159.5,1,736.803326872393,28821000,154331,510550
"272","NL","CO",527898.67284,33159.5,0,4142.29072875624,7895,5773714,510550
"273","NL","KS",233625.69072,33159.5,0,3552.04920107403,4761,2937880,510550
"274","NL","DE",104440.96245,33159.5,0,1984.70258908036,2468270,989948,510550
"275","NL","MN",510657.73038,33159.5,0,3008.84749259904,1095129,5706494,510550
"276","NL","NJ",853618.25613,33159.5,0,1835.00916883924,30116976,9288994,510550
"277","NL","BC",286182.1,33159.5,1,4705.59773522704,180606000,5000879,510550
"278","NL","IN",510642.47103,33159.5,0,2705.55180749709,8232,6785528,510550
"279","NL","SK",79001.8,33159.5,1,3682.55564061808,5442000,1132505,510550
"280","NL","QC",425276.7,33159.5,1,1415.02944026827,1034428000,8501833,510550
"281","NL","TX",2474499.05487,33159.5,0,4117.53610463956,2634151569,29145505,510550
"282","NL","GA",858100.65702,33159.5,0,2980.39921312417,227887,10711908,510550
"283","NL","MI",716840.87337,33159.5,0,2415.38062371206,22462,10077331,510550
"284","NL","OK",273331.71363,33159.5,0,3761.42207351246,45036,3959353,510550
"286","NL","NC",786121.37424,33159.5,0,2534.34822520267,2896214,10439388,510550
"287","NL","SC",331161.99633,33159.5,0,2737.39087192171,35612,5118425,510550
"288","NL","OH",932697.64812,33159.5,0,2435.39721037155,11748569,11799448,510550
"289","NL","ON",833628.8,33159.5,1,2064.45375422924,742196000,14223942,510550
"290","NL","CA",4071764.74893,33159.5,0,5432.09108488023,982910,39538223,510550
"292","NL","AR",175981.17402,33159.5,0,3483.41196989062,275,3011524,510550
"293","NL","NS",42703.5,33159.5,1,795.539089766901,241939000,969383,510550
"294","NL","OR",330108.57042,33159.5,0,5098.63068724707,438526,4237256,510550
"295","NL","KY",292818.69972,33159.5,0,2770.29162599464,18281,4505836,510550
"296","NL","ID",112029.37086,33159.5,0,4615.41338928832,65059,1839106,510550
"297","NL","NH",116592.31458,33159.5,0,1466.87819453352,337214,1377529,510550
"298","NL","CT",380093.02611,33159.5,0,1661.72711533428,8436730,3605944,510550
"299","NL","MO",444180.04038,33159.5,0,3245.45222453084,2381,6154913,510550
"300","NL","IL",1188374.02842,33159.5,0,2799.95706229524,20067,12812508,510550
"301","NL","WI",460310.36754,33159.5,0,2734.74034964444,87912,5893718,510550
"302","NL","AK",72381.86424,33159.5,0,5702.06788299308,221631,733391,510550
"303","NL","RI",83348.82543,33159.5,0,1546.2026546735,703504,1097379,510550
"304","NL","WA",807608.92746,33159.5,0,4896.38131744336,1054324,7705281,510550
"305","NL","TN",511961.8077,33159.5,0,2979.62758062055,556,6910840,510550
"306","NL","LA",341675.4231,33159.5,0,3712.8079560204,367654082,4657757,510550
"307","NL","NY",2371795.13721,33159.5,0,1783.74509285715,1642816,20201249,510550
"308","NL","MS",154100.46033,33159.5,0,3438.70022552104,173410,2961279,510550
"309","NL","MD",556490.71404,33159.5,0,2084.72168501873,1785,6177224,510550
"310","NS","AB",339674.4,42703.5,1,3719.22815723741,776618000,4262635,969383
"311","NS","MD",556490.71404,42703.5,0,1289.38166435131,1344107,6177224,969383
"312","NS","NJ",853618.25613,42703.5,0,1039.68675133372,483990,9288994,969383
"313","NS","FL",1504330.4142,42703.5,0,2512.15374775262,10820014,21538187,969383
"314","NS","ND",80798.25825,42703.5,0,2759.25556184109,164408,779094,969383
"315","NS","NY",2371795.13721,42703.5,0,992.28521578947,60167195,20201249,969383
"316","NS","OR",330108.57042,42703.5,0,4553.16051374769,1603845,4237256,969383
"317","NS","MI",716840.87337,42703.5,0,1679.49039779406,491889,10077331,969383
"318","NS","PA",1064483.10039,42703.5,0,1222.3516672876,53495121,13002700,969383
"319","NS","IL",1188374.02842,42703.5,0,2059.84113090297,8073051,12812508,969383
"320","NS","ME",92496.47403,42703.5,0,511.502471476654,961791,1362359,969383
"321","NS","MS",154100.46033,42703.5,0,2645.87298717975,359777,2961279,969383
"322","NS","HI",123720.42138,42703.5,0,8677.62548659545,7332,1455271,969383
"323","NS","CT",380093.02611,42703.5,0,866.974658233478,162702898,3605944,969383
"324","NS","OH",932697.64812,42703.5,0,1662.80576426097,2883630,11799448,969383
"325","NS","NL",33159.5,42703.5,1,795.539089766901,236254000,510550,969383
"326","NS","AK",72381.86424,42703.5,0,5516.03071549522,772,733391,969383
"327","NS","IA",260420.71125,42703.5,0,2402.7533809881,4395435,3190369,969383
"329","NS","WA",807608.92746,42703.5,0,4382.56987900984,1028597,7705281,969383
"330","NS","MB",69243.2,42703.5,1,2648.62790407381,122909000,1342153,969383
"331","NS","IN",510642.47103,42703.5,0,1943.39982791731,249560,6785528,969383
"332","NS","MT",69948.32964,42703.5,0,3653.38342207718,49267,1084225,969383
"333","NS","PE",6778.2,42703.5,1,134.224989660891,176569000,154331,969383
"334","NS","WI",460310.36754,42703.5,0,2033.42559055375,4147240,5893718,969383
"335","NS","QC",425276.7,42703.5,1,720.639931824777,1432027000,8501833,969383
"336","NS","NE",176276.27658,42703.5,0,2759.81314406399,213352,1961504,969383
"337","NS","NH",116592.31458,42703.5,0,679.248186706411,7673824,1377529,969383
"338","NS","NV",244960.46859,42703.5,0,4436.96715428872,316996,3104614,969383
"339","NS","MO",444180.04038,42703.5,0,2490.6065574091,241770,6154913,969383
"340","NS","SC",331161.99633,42703.5,0,1944.27270746685,140407,5118425,969383
"341","NS","AL",311553.73158,42703.5,0,2413.10016197528,536752,5024279,969383
"342","NS","DE",104440.96245,42703.5,0,1189.18419517342,818605,989948,969383
"344","NS","AR",175981.17402,42703.5,0,2707.43155278727,3973224,3011524,969383
"345","NS","ON",833628.8,42703.5,1,1320.7341881423,1769016000,14223942,969383
"346","NS","KS",233625.69072,42703.5,0,2814.4331312438,286022,2937880,969383
"347","NS","ID",112029.37086,42703.5,0,4029.66495677804,62390,1839106,969383
"348","NS","TN",511961.8077,42703.5,0,2189.73403067732,296084,6910840,969383
"349","NS","BC",286182.1,42703.5,1,4231.43518049969,347213000,5000879,969383
"350","NS","GA",858100.65702,42703.5,0,2185.0428674108,5672865,10711908,969383
"351","NS","MN",510657.73038,42703.5,0,2351.48198407626,509108,5706494,969383
"352","NS","LA",341675.4231,42703.5,0,2919.19950931456,21643272,4657757,969383
"353","NS","CO",527898.67284,42703.5,0,3453.30787613485,2367,5773714,969383
"354","NS","NC",786121.37424,42703.5,0,1740.20478289915,516815,10439388,969383
"355","NS","VT",46123.44207,42703.5,0,753.853714669588,5245,643077,969383
"357","NS","MA",780309.41955,42703.5,0,713.759841921925,1579242,7029917,969383
"358","NS","KY",292818.69972,42703.5,0,1986.73761016116,742751,4505836,969383
"359","NS","CA",4071764.74893,42703.5,0,4768.55722558021,12606533,39538223,969383
"360","NS","AZ",498087.34323,42703.5,0,4307.22108031172,14310,7151502,969383
"361","NS","SK",79001.8,42703.5,1,3183.64000111533,46650000,1132505,969383
"362","NS","UT",267121.15818,42703.5,0,3940.94615335404,54744,3271616,969383
"363","NS","TX",2474499.05487,42703.5,0,3335.49969137313,291806976,29145505,969383
"364","NS","DC",192495.24066,42703.5,0,1318.9970820305,4871,689545,969383
"365","NS","VA",745322.11842,42703.5,0,1442.8805168955,76571,8631393,969383
"366","NS","RI",83348.82543,42703.5,0,750.701059910574,4959,1097379,969383
"367","NS","NB",34495.1,42703.5,1,222.459839234241,1343811000,775610,969383
"368","NS","OK",273331.71363,42703.5,0,3002.01704153408,1832754,3959353,969383
"399","ON","RI",83348.82543,833628.8,0,717.116306022146,519751446,1097379,14223942
"400","ON","TN",511961.8077,833628.8,0,1019.08650405829,7048940684,6910840,14223942
"401","ON","LA",341675.4231,833628.8,0,1756.09391579651,1182525316,4657757,14223942
"402","ON","PA",1064483.10039,833628.8,0,418.560260601237,8444815062,13002700,14223942
"403","ON","DE",104440.96245,833628.8,0,589.41227803918,252893472,989948,14223942
"404","ON","CT",380093.02611,833628.8,0,616.799763778562,1034455632,3605944,14223942
"405","ON","NC",786121.37424,833628.8,0,888.452393043551,5058794058,10439388,14223942
"406","ON","AL",311553.73158,833628.8,0,1313.32451110926,4156854328,5024279,14223942
"407","ON","KS",233625.69072,833628.8,0,1494.52953233826,1310252721,2937880,14223942
"408","ON","WY",53115.14355,833628.8,0,2195.21144598628,82911558,576851,14223942
"409","ON","WI",460310.36754,833628.8,0,737.646119577688,5702304564,5893718,14223942
"410","ON","NE",176276.27658,833628.8,0,1448.08383288754,1121985746,1961504,14223942
"411","ON","HI",123720.42138,833628.8,0,7441.26203519174,5967222,1455271,14223942
"412","ON","AZ",498087.34323,833628.8,0,2987.2397537175,815420975,7151502,14223942
"413","ON","MB",69243.2,833628.8,1,1572.00858963971,5562251000,1342153,14223942
"414","ON","NV",244960.46859,833628.8,0,3140.32593608523,549328976,3104614,14223942
"415","ON","IL",1188374.02842,833628.8,0,739.6991425955,10619292436,12812508,14223942
"417","ON","NH",116592.31458,833628.8,0,682.883306221127,333829748,1377529,14223942
"418","ON","CO",527898.67284,833628.8,0,2146.38788454484,917212002,5773714,14223942
"419","ON","AB",339674.4,833628.8,1,2689.40295819105,12108810000,4262635,14223942
"420","ON","ID",112029.37086,833628.8,0,2815.71369344151,450655471,1839106,14223942
"421","ON","PE",6778.2,833628.8,1,1337.24649278863,238099000,154331,14223942
"422","ON","VT",46123.44207,833628.8,0,570.154309170437,96931678,643077,14223942
"423","ON","AK",72381.86424,833628.8,0,4813.29834201512,10635279,733391,14223942
"424","ON","MO",444180.04038,833628.8,0,1181.08907975875,5014022692,6154913,14223942
"425","ON","IN",510642.47103,833628.8,0,648.216564382311,14155131077,6785528,14223942
"426","ON","CA",4071764.74893,833628.8,0,3470.77385957303,8025045835,39538223,14223942
"427","ON","BC",286182.1,833628.8,1,3159.38091093243,3872919000,5000879,14223942
"428","ON","SD",73212.76902,833628.8,0,1528.85872857175,255536127,886667,14223942
"429","ON","MT",69948.32964,833628.8,0,2478.15433341842,64912485,1084225,14223942
"430","ON","NS",42703.5,833628.8,1,1320.7341881423,1193458000,969383,14223942
"431","ON","MN",510657.73038,833628.8,0,1103.36024655772,3455187848,5706494,14223942
"432","ON","ND",80798.25825,833628.8,0,1581.97109919498,2528877448,779094,14223942
"433","ON","OK",273331.71363,833628.8,0,1697.52752965691,900941470,3959353,14223942
"434","ON","NY",2371795.13721,833628.8,0,489.977649242524,16070618052,20201249,14223942
"435","ON","UT",267121.15818,833628.8,0,2661.13652654459,803902513,3271616,14223942
"436","ON","QC",425276.7,833628.8,1,657.703802217222,27094268000,8501833,14223942
"437","ON","SK",79001.8,833628.8,1,2133.97954542708,3351820000,1132505,14223942
"438","ON","AR",175981.17402,833628.8,0,1438.60391174528,917917350,3011524,14223942
"439","ON","KY",292818.69972,833628.8,0,778.302132043385,7376737391,4505836,14223942
"440","ON","IA",260420.71125,833628.8,0,1089.21973944652,2520799815,3190369,14223942
"441","ON","VA",745322.11842,833628.8,0,655.612462274197,2374583982,8631393,14223942
"442","ON","MA",780309.41955,833628.8,0,708.745540637083,1904218524,7029917,14223942
"443","ON","GA",858100.65702,833628.8,0,1177.9054728894,4177581115,10711908,14223942
"444","ON","FL",1504330.4142,833628.8,0,1752.49101371399,2524986512,21538187,14223942
"445","ON","SC",331161.99633,833628.8,0,1061.49139432058,3113772894,5118425,14223942
"446","ON","NL",33159.5,833628.8,1,2064.45375422924,1196142000,510550,14223942
"447","ON","WA",807608.92746,833628.8,0,3250.18251840388,3024383946,7705281,14223942
"448","ON","OH",932697.64812,833628.8,0,419.335558827209,19952782395,11799448,14223942
"450","ON","TX",2474499.05487,833628.8,0,2080.93061061184,9889762781,29145505,14223942
"451","ON","ME",92496.47403,833628.8,0,815.031554077882,122957403,1362359,14223942
"452","ON","MD",556490.71404,833628.8,0,551.268917382212,824306424,6177224,14223942
"453","ON","WV",106473.64056,833628.8,0,526.853258163132,1773316492,1793716,14223942
"454","ON","MI",716840.87337,833628.8,0,359.264687344936,27905413372,10077331,14223942
"455","ON","NJ",853618.25613,833628.8,0,566.548803976982,3858404501,9288994,14223942
"457","ON","DC",192495.24066,833628.8,0,566.165335962772,2486057,689545,14223942
"458","ON","OR",330108.57042,833628.8,0,3375.52610026813,820063273,4237256,14223942
"459","ON","MS",154100.46033,833628.8,0,1482.70776450693,2127232114,2961279,14223942
"460","ON","NM",137760.0849,833628.8,0,2478.63371493935,63117507,2117522,14223942
"461","ON","NB",34495.1,833628.8,1,1141.99122194712,1344422000,775610,14223942
"462","PE","PA",1064483.10039,6778.2,0,1280.22739073126,3620367,13002700,154331
"463","PE","AR",175981.17402,6778.2,0,2747.32266794883,96439,3011524,154331
"464","PE","FL",1504330.4142,6778.2,0,2610.38382954067,26081748,21538187,154331
"465","PE","MB",69243.2,6778.2,1,2600.85309960923,32231000,1342153,154331
"466","PE","OH",932697.64812,6778.2,0,1699.48986722839,25823,11799448,154331
"467","PE","MN",510657.73038,6778.2,0,2334.63408275506,223417,5706494,154331
"468","PE","NH",116592.31458,6778.2,0,732.889961508132,2043,1377529,154331
"469","PE","MA",780309.41955,6778.2,0,781.986038056581,1221508,7029917,154331
"470","PE","GA",858100.65702,6778.2,0,2258.51695012173,1256107,10711908,154331
"471","PE","AL",311553.73158,6778.2,0,2479.00226473392,7259,5024279,154331
"472","PE","SD",73212.76902,6778.2,0,2780.21299694265,19157,886667,154331
"473","PE","WI",460310.36754,6778.2,0,2031.84386776966,441416,5893718,154331
"474","PE","NV",244960.46859,6778.2,0,4426.48372569705,20729,3104614,154331
"475","PE","NC",786121.37424,6778.2,0,1819.3948314949,1092977,10439388,154331
"476","PE","RI",83348.82543,6778.2,0,825.193584510016,4120,1097379,154331
"477","PE","VA",745322.11842,6778.2,0,1517.09748068527,59255,8631393,154331
"478","PE","AB",339674.4,6778.2,1,3657.37214516284,28328000,4262635,154331
"479","PE","KY",292818.69972,6778.2,0,2033.53701713165,1227238,4505836,154331
"480","PE","MD",556490.71404,6778.2,0,1358.9570979305,35128,6177224,154331
"481","PE","MO",444180.04038,6778.2,0,2515.90140879563,924215,6154913,154331
"482","PE","TX",2474499.05487,6778.2,0,3380.77604062071,256488,29145505,154331
"483","PE","BC",286182.1,6778.2,1,4172.85156403482,27324000,5000879,154331
"484","PE","IN",510642.47103,6778.2,0,1972.69401153511,148248,6785528,154331
"485","PE","LA",341675.4231,6778.2,0,2980.10849546001,10085,4657757,154331
"486","PE","HI",123720.42138,6778.2,0,8641.41648551418,29264,1455271,154331
"487","PE","NS",42703.5,6778.2,1,134.224989660891,295695000,969383,154331
"488","PE","IL",1188374.02842,6778.2,0,2076.31578582027,547937,12812508,154331
"489","PE","DE",104440.96245,6778.2,0,1263.30379380613,392273,989948,154331
"490","PE","NE",176276.27658,6778.2,0,2761.26085953918,7392,1961504,154331
"491","PE","MT",69948.32964,6778.2,0,3613.53971674131,67,1084225,154331
"492","PE","UT",267121.15818,6778.2,0,3924.86647317738,47957,3271616,154331
"493","PE","AZ",498087.34323,6778.2,0,4315.01219534348,4781,7151502,154331
"494","PE","NB",34495.1,6778.2,1,195.475574565766,458578000,775610,154331
"495","PE","NY",2371795.13721,6778.2,0,1051.13386691608,2130652,20201249,154331
"496","PE","TN",511961.8077,6778.2,0,2244.28101328575,79668,6910840,154331
"497","PE","OR",330108.57042,6778.2,0,4510.45621626807,10359,4237256,154331
"498","PE","NJ",853618.25613,6778.2,0,1110.1408234591,2375511,9288994,154331
"499","PE","ID",112029.37086,6778.2,0,3995.92042470818,60183,1839106,154331
"500","PE","IA",260420.71125,6778.2,0,2406.67445362377,1195982,3190369,154331
"501","PE","WA",807608.92746,6778.2,0,4332.49995189326,51900,7705281,154331
"503","PE","CA",4071764.74893,6778.2,0,4758.08412649348,695682,39538223,154331
"506","PE","SC",331161.99633,6778.2,0,2025.32456361605,739519,5118425,154331
"507","PE","SK",79001.8,6778.2,1,3127.63216152404,6249000,1132505,154331
"508","PE","CT",380093.02611,6778.2,0,935.238078012983,101892,3605944,154331
"509","PE","NL",33159.5,6778.2,1,736.803326872393,6585000,510550,154331
"510","PE","ME",92496.47403,6778.2,0,553.036932163655,16056,1362359,154331
"511","PE","MI",716840.87337,6778.2,0,1692.83525700709,10251,10077331,154331
"512","PE","QC",425276.7,6778.2,1,705.728248182341,266701000,8501833,154331
"513","PE","ON",833628.8,6778.2,1,1337.24649278863,372558000,14223942,154331
"514","PE","CO",527898.67284,6778.2,0,3449.97825002283,342004,5773714,154331
"515","QC","VT",46123.44207,425276.7,0,250.544533314511,1105208984,643077,8501833
"516","QC","NJ",853618.25613,425276.7,0,674.745109998185,1131093736,9288994,8501833
"517","QC","OR",330108.57042,425276.7,0,3839.67597067452,159744403,4237256,8501833
"518","QC","GA",858100.65702,425276.7,0,1731.76363055158,579279369,10711908,8501833
"519","QC","UT",267121.15818,425276.7,0,3222.37290519173,139451902,3271616,8501833
"520","QC","AR",175981.17402,425276.7,0,2094.82459030703,88746877,3011524,8501833
"521","QC","OK",273331.71363,425276.7,0,2352.94147373007,45605617,3959353,8501833
"522","QC","WI",460310.36754,425276.7,0,1326.87389015099,239397824,5893718,8501833
"523","QC","CA",4071764.74893,425276.7,0,4053.33059678302,1297923860,39538223,8501833
"524","QC","IL",1188374.02842,425276.7,0,1386.02004483392,1261543665,12812508,8501833
"525","QC","IN",510642.47103,425276.7,0,1305.69566150133,628222292,6785528,8501833
"526","QC","MN",510657.73038,425276.7,0,1632.1830373107,290247587,5706494,8501833
"527","QC","NH",116592.31458,425276.7,0,365.871248879709,273863472,1377529,8501833
"528","QC","KY",292818.69972,425276.7,0,1411.13169387464,380566105,4505836,8501833
"529","QC","MD",556490.71404,425276.7,0,874.278178454357,164609488,6177224,8501833
"530","QC","SD",73212.76902,425276.7,0,2077.21518037573,17129895,886667,8501833
"531","QC","SC",331161.99633,425276.7,0,1546.45979995303,580489001,5118425,8501833
"532","QC","NB",34495.1,425276.7,1,513.126608682657,3268943000,775610,8501833
"533","QC","NV",244960.46859,425276.7,0,3721.69835966088,32168169,3104614,8501833
"534","QC","MI",716840.87337,425276.7,0,1001.51104237888,513781354,10077331,8501833
"535","QC","AZ",498087.34323,425276.7,0,3612.51808759221,542451540,7151502,8501833
"537","QC","TN",511961.8077,425276.7,0,1641.87406114928,320513692,6910840,8501833
"538","QC","HI",123720.42138,425276.7,0,7958.86576298428,2457250,1455271,8501833
"539","QC","DE",104440.96245,425276.7,0,817.848520508598,50124904,989948,8501833
"540","QC","DC",192495.24066,425276.7,0,904.540762910106,1317377,689545,8501833
"541","QC","BC",286182.1,425276.7,1,3539.08921532438,1305956000,5000879,8501833
"542","QC","MA",780309.41955,425276.7,0,462.933844446057,1058079809,7029917,8501833
"543","QC","MO",444180.04038,425276.7,0,1835.90245025475,115409606,6154913,8501833
"544","QC","PE",6778.2,425276.7,1,705.728248182341,172784000,154331,8501833
"545","QC","CT",380093.02611,425276.7,0,540.687666007036,1004212729,3605944,8501833
"547","QC","WY",53115.14355,425276.7,0,2741.60940846234,2098238,576851,8501833
"548","QC","OH",932697.64812,425276.7,0,1056.91410461099,1185271570,11799448,8501833
"549","QC","ME",92496.47403,425276.7,0,317.374751136179,482876736,1362359,8501833
"550","QC","NY",2371795.13721,425276.7,0,566.62828131895,2452706008,20201249,8501833
"551","QC","VA",745322.11842,425276.7,0,1038.68225468557,411789635,8631393,8501833
"552","QC","IA",260420.71125,425276.7,0,1703.59058283437,319494123,3190369,8501833
"553","QC","PA",1064483.10039,425276.7,0,747.623159623039,1200433611,13002700,8501833
"554","QC","LA",341675.4231,425276.7,0,2386.19181321108,613948137,4657757,8501833
"555","QC","AL",311553.73158,425276.7,0,1913.03662612935,149493244,5024279,8501833
"556","QC","ND",80798.25825,425276.7,0,2041.22676134105,1137390696,779094,8501833
"557","QC","SK",79001.8,425276.7,1,2489.92492404825,343617000,1132505,8501833
"558","QC","AB",339674.4,425276.7,1,3034.65423186519,6616261000,4262635,8501833
"560","QC","AK",72381.86424,425276.7,0,4957.36870352716,736477,733391,8501833
"561","QC","ID",112029.37086,425276.7,0,3310.77710114904,13800123,1839106,8501833
"562","QC","KS",233625.69072,425276.7,0,2137.07294117692,261938632,2937880,8501833
"563","QC","NE",176276.27658,425276.7,0,2056.75087960528,16944860,1961504,8501833
"564","QC","TX",2474499.05487,425276.7,0,2736.31365057888,8639884031,29145505,8501833
"565","QC","MT",69948.32964,425276.7,0,2938.33146244102,10619493,1084225,8501833
"566","QC","RI",83348.82543,425276.7,0,518.169092530057,358692301,1097379,8501833
"567","QC","MS",154100.46033,425276.7,0,2109.99815494487,48495537,2961279,8501833
"568","QC","ON",833628.8,425276.7,1,657.703802217222,16421949000,14223942,8501833
"569","QC","NS",42703.5,425276.7,1,720.639931824777,745090000,969383,8501833
"570","QC","FL",1504330.4142,425276.7,0,2208.90136861919,901541484,21538187,8501833
"571","QC","NM",137760.0849,425276.7,0,3114.55876162415,8327239,2117522,8501833
"572","QC","WV",106473.64056,425276.7,0,1068.71420116791,34567906,1793716,8501833
"573","QC","MB",69243.2,425276.7,1,1944.05854638829,1493857000,1342153,8501833
"574","QC","CO",527898.67284,425276.7,0,2744.29576484946,81517304,5773714,8501833
"575","QC","NC",786121.37424,425276.7,0,1342.67633444701,1323320455,10439388,8501833
"576","QC","NL",33159.5,425276.7,1,1415.02944026827,367869000,510550,8501833
"577","QC","WA",807608.92746,425276.7,0,3677.0350196936,581358399,7705281,8501833
"578","SK","OH",932697.64812,79001.8,0,2150.34874828452,455257407,11799448,1132505
"579","SK","SC",331161.99633,79001.8,0,2780.30126983126,130575361,5118425,1132505
"580","SK","IA",260420.71125,79001.8,0,1431.21240437001,561251246,3190369,1132505
"582","SK","AZ",498087.34323,79001.8,0,2048.15145842558,7922774,7151502,1132505
"583","SK","BC",286182.1,79001.8,1,1049.22169437514,639031000,5000879,1132505
"584","SK","MS",154100.46033,79001.8,0,2473.28456897721,57221622,2961279,1132505
"585","SK","WA",807608.92746,79001.8,0,1213.86155413959,14154058,7705281,1132505
"586","SK","PE",6778.2,79001.8,1,3127.63216152404,11320000,154331,1132505
"587","SK","HI",123720.42138,79001.8,0,5552.32885502893,138799,1455271,1132505
"588","SK","WV",106473.64056,79001.8,0,2406.19017455301,42456912,1793716,1132505
"589","SK","GA",858100.65702,79001.8,0,2672.96943971496,291539665,10711908,1132505
"590","SK","ID",112029.37086,79001.8,0,1043.40902060738,40556610,1839106,1132505
"591","SK","NJ",853618.25613,79001.8,0,2700.13296466018,82802570,9288994,1132505
"592","SK","RI",83348.82543,79001.8,0,2818.15153241321,839247,1097379,1132505
"593","SK","DE",104440.96245,79001.8,0,2701.06538370748,2314442,989948,1132505
"594","SK","NL",33159.5,79001.8,1,3682.55564061808,18604000,510550,1132505
"595","SK","MA",780309.41955,79001.8,0,2793.2711849477,31545230,7029917,1132505
"596","SK","AL",311553.73158,79001.8,0,2561.9377773973,44971112,5024279,1132505
"597","SK","MO",444180.04038,79001.8,0,1787.92779131296,374735212,6154913,1132505
"598","SK","NE",176276.27658,79001.8,0,1309.17622869586,227672630,1961504,1132505
"599","SK","AK",72381.86424,79001.8,0,2817.13888732798,121267,733391,1132505
"600","SK","NB",34495.1,79001.8,1,2961.67471529546,50118000,775610,1132505
"601","SK","MN",510657.73038,79001.8,0,1140.99505764119,369818968,5706494,1132505
"602","SK","UT",267121.15818,79001.8,0,1294.85949531472,21000308,3271616,1132505
"603","SK","ME",92496.47403,79001.8,0,2788.84956759442,5770956,1362359,1132505
"604","SK","AB",339674.4,79001.8,1,555.598183289719,7165356000,4262635,1132505
"605","SK","NS",42703.5,79001.8,1,3183.64000111533,59073000,969383,1132505
"606","SK","PA",1064483.10039,79001.8,0,2529.27759404532,317738183,13002700,1132505
"607","SK","DC",192495.24066,79001.8,0,2634.81180388629,47253,689545,1132505
"608","SK","QC",425276.7,79001.8,1,2489.92492404825,934755000,8501833,1132505
"609","SK","CA",4071764.74893,79001.8,0,2054.32591099274,96489927,39538223,1132505
"610","SK","VT",46123.44207,79001.8,0,2585.15506114374,1431979,643077,1132505
"611","SK","CO",527898.67284,79001.8,0,1307.09119684789,83804532,5773714,1132505
"612","SK","MI",716840.87337,79001.8,0,1887.45062251528,144504849,10077331,1132505
"613","SK","TN",511961.8077,79001.8,0,2324.54144353049,94557051,6910840,1132505
"614","SK","LA",341675.4231,79001.8,0,2583.55169718446,127952862,4657757,1132505
"615","SK","FL",1504330.4142,79001.8,0,3309.99489492715,188125319,21538187,1132505
"616","SK","NY",2371795.13721,79001.8,0,2620.8848757519,95100396,20201249,1132505
"617","SK","MD",556490.71404,79001.8,0,2632.25376618181,16749818,6177224,1132505
"618","SK","KY",292818.69972,79001.8,0,2208.03551890667,105125553,4505836,1132505
"619","SK","MB",69243.2,79001.8,1,562.329058415079,1084460000,1342153,1132505
"620","SK","IL",1188374.02842,79001.8,0,1742.74941587159,1072538219,12812508,1132505
"622","SK","ND",80798.25825,79001.8,0,645.125559771917,688180507,779094,1132505
"623","SK","NH",116592.31458,79001.8,0,2734.056219097,4265115,1377529,1132505
"624","SK","WY",53115.14355,79001.8,0,956.745044099194,32123333,576851,1132505
"625","SK","IN",510642.47103,79001.8,0,1960.87526515347,440751405,6785528,1132505
"626","SK","KS",233625.69072,79001.8,0,1608.19175845091,163536313,2937880,1132505
"627","SK","VA",745322.11842,79001.8,0,2665.17492694472,140957007,8631393,1132505
"628","SK","AR",175981.17402,79001.8,0,2080.31178460742,63273807,3011524,1132505
"629","SK","MT",69948.32964,79001.8,0,633.9518500305,67022696,1084225,1132505
"631","SK","ON",833628.8,79001.8,1,2133.97954542708,1890290000,14223942,1132505
"632","SK","OK",273331.71363,79001.8,0,1889.50200730964,264979066,3959353,1132505
"633","SK","CT",380093.02611,79001.8,0,2736.49724609434,20431791,3605944,1132505
"634","SK","TX",2474499.05487,79001.8,0,2375.57739682137,890134285,29145505,1132505
"635","SK","NV",244960.46859,79001.8,0,1778.40414462609,7721893,3104614,1132505
"636","SK","SD",73212.76902,79001.8,0,967.324533472685,77775091,886667,1132505
"637","SK","WI",460310.36754,79001.8,0,1521.52214896817,423794997,5893718,1132505
"638","SK","OR",330108.57042,79001.8,0,1427.85282767667,9758925,4237256,1132505
"639","SK","NM",137760.0849,79001.8,0,1854.24653436219,1198841,2117522,1132505
"640","SK","NC",786121.37424,79001.8,0,2729.90573576893,278070575,10439388,1132505
